<?xml version="1.0" encoding="UTF-8"?>
<project-private xmlns="http://www.netbeans.org/ns/project-private/1">
    <editor-bookmarks xmlns="http://www.netbeans.org/ns/editor-bookmarks/2" lastBookmarkId="0"/>
    <open-files xmlns="http://www.netbeans.org/ns/projectui-open-files/2">
        <group>
            <file>file:/C:/Users/Usuario/Desktop/UNAB/Ciclo2/Semana5/Reto_04/src/clases/ListaMayorista.java</file>
            <file>file:/C:/Users/Usuario/Desktop/UNAB/Ciclo2/Semana5/Reto_04/src/clases/ListaMostrador.java</file>
            <file>file:/C:/Users/Usuario/Desktop/UNAB/Ciclo2/Semana5/Reto_04/src/formularios/Principal.java</file>
            <file>file:/C:/Users/Usuario/Desktop/UNAB/Ciclo2/Semana5/Reto_04/src/clases/ListaMinorista.java</file>
            <file>file:/C:/Users/Usuario/Desktop/UNAB/Ciclo2/Semana5/Reto_04/src/clases/Producto.java</file>
        </group>
    </open-files>
</project-private>
